year,gdp
2005,57633255618.2731
2006,66371664817.0436
2007,77414425532.2452
2008,99130304099.1274
2009,106014659770.222
2010,115931749697.241
2011,135539438559.709
2012,155820001920.492
2013,171222025117.381
2014,186204652922.262
2015,193241108709.536
2016,205276172134.901
2017,223779865815.183
2018,245213686369.157