year,annual_change
2005,7.547247727
2006,6.977954812
2007,7.129504484
2008,5.661771208
2009,5.397897543
2010,6.423238217
2011,6.240302749
2012,5.247367156
2013,5.421882991
2014,5.983654637
2015,6.679288789
2016,6.210811668
2017,6.81224566
2018,7.075788617